Date,Station_1,Station_2,Station_3,Station_4,Station_5
2023-01-01,-1.804745984290701,-0.2784850690206442,-1.177892991426849,-1.640934536024825,-2.6107616052887623
2023-01-02,-1.4164235477333755,1.1341840062566382,-2.9324678493937784,-1.7688406419767642,1.4047731063412883
2023-01-03,3.0009141097649232,0.22525400759880387,1.828946737862112,-2.3081651019765452,-5.053804593048534
2023-01-04,-3.4265868503638144,-1.8252134259994266,-3.8835551031629842,-2.3507973422676116,-5.849681596509159
2023-01-05,-1.5516171091103144,1.5499846281169933,-3.123936795409712,-0.41895043258188114,-0.6658662764346586
2023-01-06,-3.1584697557046364,-3.476573192606529,-1.4384258366569629,1.9069907044738095,-4.3289859512413225
2023-01-07,-1.3875666981384063,-2.2695138171495497,-4.728243330835842,-0.7493632842778126,-4.427341106559572
2023-01-08,-0.7160270806082596,0.7035592599904312,1.811675720107166,1.814088705522697,-4.429752113285395
2023-01-09,-3.5192137551473244,-5.050178248366048,-2.6858960438826402,-0.46022304503984124,-3.8768840724844367
2023-01-10,-3.6242379569662333,1.4343695806097125,-0.6607169602905465,-0.26938236705147567,-4.534469103943065
2023-01-11,-3.919569815250026,-5.9624361904596235,-3.839936214462681,1.6975083609395059,-1.3907413246573048
2023-01-12,-1.7109923768365065,1.62199209213588,0.7712693797690227,-3.6205043931589307,-2.827954073224123
2023-01-13,-1.6749085094565652,-0.45974727937787296,-1.989404944586382,-0.8480784061629008,-5.117357953485619
2023-01-14,-1.3593058500292599,-1.0558765680092677,-4.916207486220398,-1.440280714389881,-1.4053980092033695
2023-01-15,-1.3915869199932445,1.172372766808504,-2.5130805978749855,0.44955191236868597,-5.198184901501591
2023-01-16,-1.1430348018035543,-4.80441356273605,-4.700056522589001,-5.009440137204468,0.45855166980008555
2023-01-17,-2.3712668110960013,-0.4205698148434909,-0.22355520423721664,1.8041720400230865,-5.906287326519984
2023-01-18,-1.080037750303768,-1.8317071503669657,1.473926266319613,-4.208602495516959,1.424650347724727
2023-01-19,-3.8726442818747686,-1.0281727880018918,-4.096857429003931,-1.0882723522728321,-1.280720189163432
2023-01-20,-2.7522200180815926,-4.321250008199023,1.5549791198714686,-2.0763295310594634,-3.9651481458368565
2023-01-21,-2.262333497767517,-0.4292520894763241,-13.21817795025795,-0.5648578120114616,-1.7073663111302224
2023-01-22,-0.038644210413182556,-0.6953743751991937,-5.8347920042741706,-3.4398627934202572,-1.2934630915711542
2023-01-23,-1.484072625635405,-3.811663721474914,-4.514912445552382,-0.5000937888974777,1.578964723911394
2023-01-24,-2.9842334296198967,-7.704992779732506,-2.60251624998795,-2.2913966050815144,-1.3057252283346497
2023-01-25,-3.5298725761518677,-4.9434551492387735,-2.83152237754165,-4.533761310287371,-2.0955497548083635
2023-01-26,-0.23827221898874784,-0.010691041195621587,-5.332620516463852,-1.324191448353849,-3.662819785659609
2023-01-27,4.991762104905801,-0.6406676272727196,-3.7461591539684074,-5.488357871032151,1.8199611179555744
2023-01-28,-2.6473641926526175,-4.146386988230364,1.531021637651989,-0.956416505065671,-3.6558377239376263
2023-01-29,-4.583822873685514,-4.81487311241468,-2.1730375436800955,-0.8842198688102112,-4.904797826515209
2023-01-30,-3.240608352388968,-4.205463768202086,0.8975321393734665,1.6866772645040014,0.19237866158911032
2023-01-31,-3.675594440048013,-4.142126862632458,-5.572582545705398,-5.908580330999752,-4.824426836797
2023-02-01,-1.6415878630455785,-2.037062321177242,0.4589503305913354,1.8163541016906262,-2.948137605670979
2023-02-02,-0.7936054620762301,-0.3508754655961628,1.5650035651108576,-0.9605843527990361,2.3083640984521496
2023-02-03,0.7879889668999494,2.219260494790025,-1.0094948965395085,-1.8174247806042638,-2.423565758514883
2023-02-04,-1.8215507949835437,-3.384348424106938,-1.545519203638431,3.675466726667401,-3.7171005139560727
2023-02-05,0.0400674092730009,1.451140084830703,-2.9691154762694385,3.6512457823675906,3.231871639425896
2023-02-06,-0.17235431341693674,-0.33116830585131307,-0.8077974263751839,1.5202001615298188,-1.3782367875430488
2023-02-07,0.5442442217885652,-2.7156894201179487,3.67333282428178,0.7278733225894793,-0.34221237316914355
2023-02-08,0.3030046481794897,3.270749747301907,-2.7246842924083525,-0.8125259310425834,-0.6077419848812644
2023-02-09,10.575807670983513,-1.157049212224563,-3.869371978530337,-0.7899239935711302,-3.2030805582298294
2023-02-10,1.4779541221865289,-1.3863929458539195,-8.77216105924844,-0.5696342200140974,-1.9844720940312568
2023-02-11,-0.9872352251085923,-3.903710216818766,0.947842076101983,3.922760012487151,-2.696364591627157
2023-02-12,-0.03877861380505143,-3.4775663427857584,-1.6928120213480486,1.3000365722614076,1.3268729404735016
2023-02-13,-0.3036440462566028,-1.703587840642962,-0.6811450453314878,2.629255316445902,-3.6319415129016246
2023-02-14,-0.6059225220297471,3.8839314211463805,3.239586764399415,3.936089947315793,-3.1527507609421423
2023-02-15,-1.0663189781276148,-3.5331491281552907,3.0537616986707175,-0.9675448313805717,1.990306060321065
2023-02-16,-1.312587603809428,-1.564252740981444,-2.09806539187489,3.540668797583443,2.9383152436997184
2023-02-17,1.0030594475454078,3.7437245328338165,-0.3854265386419229,-1.6576477484758492,-0.6601090016319056
2023-02-18,0.416471216083528,3.16308707430568,0.3750792133553773,0.7378433500946944,-0.7461332333140138
2023-02-19,-0.9133889295754165,-0.7862917169632109,0.04693107060246682,-1.0157210889540202,2.0047601834319
2023-02-20,1.6966350664830543,-3.6104776321957717,-0.4309158987263846,-1.2121920877320234,1.444115849142607
2023-02-21,0.8421136108893825,-1.266415081082143,3.0338781042506167,2.468333787048561,-3.936927171932477
2023-02-22,0.1221488582511272,-3.284043639736799,-3.805494402318738,0.9778484707183592,-2.3220004027549193
2023-02-23,0.30856097608136723,1.3756571247665788,-3.9783742888519784,0.8031378967811165,7.6318111727509415
2023-02-24,1.2547145988074537,-1.3282810432255268,-3.222056594940603,0.15961899656670564,-3.2729141437407243
2023-02-25,-0.3587937492394975,3.09568624973934,-2.9323082325205245,2.9742858780439434,3.378783854373064
2023-02-26,1.6932242715566526,3.7462912823543784,-3.711729460571444,-0.8869225831905139,-1.5997686441925634
2023-02-27,1.5452186643462396,3.2630047548346086,1.288940092064796,-3.388105847757717,-10.821923990695305
2023-02-28,-1.7556858517328506,1.919071342632808,1.3806584903721708,-1.564429085220974,-1.1024875284848852
2023-03-01,4.512980699693847,2.397267083160046,6.442789328120012,5.857994992092328,3.2719998140968087
2023-03-02,5.0580509731950265,4.652159130101243,8.76394954876782,1.7744316254269936,5.72821520696393
2023-03-03,4.589026988672169,3.8151439695443408,6.100661556246343,8.80980530763056,7.1164957948616685
2023-03-04,4.3419926787035985,1.5010880244784781,4.458251849450389,7.184668432438973,1.9385638430784882
2023-03-05,5.358778892054203,7.785203042775879,8.867409938085135,4.042681468220585,6.479475509468475
2023-03-06,6.4482503834048295,4.982215262602734,2.932456320319347,7.876646691356972,4.764967231344583
2023-03-07,4.828235045325469,4.3896508276437824,1.938524513465551,4.230341925338676,6.371067829361225
2023-03-08,5.855067473640066,4.193289162038185,5.916221598482566,7.579253906845523,6.810739715342682
2023-03-09,3.441908443966979,4.2429886627884486,1.2396025992379949,1.8782756645000056,6.625739971737726
2023-03-10,6.8365690079118995,8.63567437138327,4.23394894351407,3.9207990164800783,1.1529831795895182
2023-03-11,6.37110745073937,2.782910544119842,1.682487384949627,1.8001124873724414,1.5291956969356377
2023-03-12,6.425104718491127,5.477459246587584,4.651276522712533,2.5967691369609147,5.225872713428286
2023-03-13,6.125918400938645,16.33152028318901,4.140550307697208,6.5262782092522365,7.074259613733345
2023-03-14,5.004252691339008,3.919294688169905,4.967762362987757,3.218722170441948,1.9390423533644574
2023-03-15,3.187225418848755,1.0308828120820888,5.902934024935939,8.05517202477466,8.731119771503147
2023-03-16,4.201614732633949,8.446549738383785,3.137656254898549,-1.0709495620539906,3.545868073416499
2023-03-17,4.83401266826578,3.688818131199099,8.560214215523132,4.013930135687894,7.335036557047211
2023-03-18,3.9795579176803977,2.3283825961699653,3.352613299065329,4.951662671897788,7.753879692424193
2023-03-19,4.707617440844295,7.5442664460467075,2.251066790943704,1.6028725526667227,1.8609416411966553
2023-03-20,3.9862277592446245,1.9402051432291012,8.460489630858724,2.9374287530086836,7.661250403121676
2023-03-21,4.633211633358979,7.474919771913587,8.634670523141537,8.180342117195245,3.8593972127577043
2023-03-22,4.154279830606782,1.89941853769849,2.464266336639369,6.961863680257033,3.4094450954067543
2023-03-23,3.2542150993446337,8.459151511683956,7.8667011090741,2.2731698955379427,1.9252949752401065
2023-03-24,5.549849109488827,4.8350763951135045,1.3947915743075177,6.720420779721336,2.383610834169251
2023-03-25,6.269356445846485,8.05826937535286,4.277809645045949,5.125106773210014,10.781385665095854
2023-03-26,6.678029627623283,2.4160462525399673,2.1225281433873553,8.496936335524142,3.262694817408663
2023-03-27,5.400851472525176,2.1824106725231234,7.9884546183261715,8.191688737816254,5.261348699770886
2023-03-28,4.266170239569904,4.4646195928101475,8.31976616252495,6.820375930652237,5.621675394534723
2023-03-29,6.182361474172852,7.166982052549183,2.132051884975202,4.530571761443286,4.586953431183979
2023-03-30,5.484676989468219,7.934308346072765,4.21142359444416,7.486708921031611,2.6916383662593084
2023-03-31,6.504107391682297,1.9609614573078078,2.402976556121951,8.198933944000242,8.843885307752053
2023-04-01,13.453882596774342,10.943339902542988,14.05891314590167,13.258551332937135,11.879725161264563
2023-04-02,12.218580234481038,19.2667893229203,9.734962000728325,8.343393524870656,8.797863577878033
2023-04-03,13.280089743479007,9.207479178488333,14.511041135365087,9.818899592620014,13.645680351916862
2023-04-04,11.243359908573265,10.687820338722041,14.521595162514508,15.790549574767866,10.32672725325394
2023-04-05,11.382022625425337,12.177406952016952,15.115583270526933,12.983152257486019,11.671758881456547
2023-04-06,11.266002981814426,13.838621084234141,15.033386701499236,9.411995111112482,12.050497792187109
2023-04-07,10.78903789720295,10.321984340479428,12.72852304667192,14.442110844633401,12.473390256813618
2023-04-08,11.969445626763537,14.671853151013053,10.626394454689033,9.836539557535598,13.894825293446285
2023-04-09,12.059688807747074,9.829172407863563,12.259566083393715,21.26059278800299,6.648923571502189
2023-04-10,13.814702785709251,8.859780542150435,9.88593927915905,11.915669083477585,12.709112002335893
2023-04-11,10.943336896422542,13.116977943709934,14.22620933837155,11.923359267490202,15.966522343677081
2023-04-12,11.885829277417061,15.550806858806556,13.755112496031789,10.035059208940995,9.018352203360598
2023-04-13,10.56726910280591,13.01365180767284,8.19418163697649,13.216996758737112,11.802598257696658
2023-04-14,10.737587484200512,10.048910360160143,9.862181377448897,14.329819448152898,12.4644098932581
2023-04-15,1.9016500245239563,12.089774300589493,8.408603841354054,14.872021117264469,8.005313748721637
2023-04-16,11.113301193280456,13.532064862652282,10.117196784022402,13.115702195792082,11.183348918679503
2023-04-17,10.563829906094774,14.888984064526294,8.343249523220464,15.306274727083846,10.833798574618102
2023-04-18,13.019604416550273,8.802013952606789,8.13648389007278,12.92046416508077,10.367598668711423
2023-04-19,11.063622509347164,15.880869434697056,12.151919363091455,11.779310313368583,9.622368329495963
2023-04-20,11.431031536321354,11.530993146659888,20.3011277612038,14.53091444415885,14.814468662057944
2023-04-21,10.442089176210642,15.983952007485268,12.826583938325957,6.643769341261419,15.64898527647968
2023-04-22,12.553560423107793,15.582575096892716,10.6372092606513,8.8653241958107,9.769745021852739
2023-04-23,10.409785127087721,10.213197841673516,10.799181444031031,8.196616194455729,9.84457031755056
2023-04-24,13.201022414334094,10.532401680216694,8.831926703769865,14.00825839627935,11.408019101356484
2023-04-25,12.226021434752164,11.484252324247468,15.387644305632854,11.107232937352842,12.705211683482394
2023-04-26,12.789321003320206,10.110141491603697,9.084387464868051,15.403160202339524,11.38443552132897
2023-04-27,11.469901289007709,13.196273793402375,14.934887309274998,15.2916070028061,10.956188321117196
2023-04-28,12.241802354839121,8.27818113748134,10.468223676435205,15.106120324352348,13.223998087561945
2023-04-29,12.195397069597218,8.788882949782488,8.329438330624974,14.460510433278987,13.017285691694866
2023-04-30,10.679278012686858,14.186073008536185,15.86399307933226,15.94133594771413,15.506049095711699
2023-05-01,17.83284903903445,15.628967456617856,15.486533985807966,14.932468899436788,14.037238694697468
2023-05-02,18.656788420324595,14.686356804158681,16.224932102118892,21.720759785743756,20.443699499239973
2023-05-03,18.277147679937176,21.774104608911607,20.30332600763101,17.16506934100581,18.786527754917497
2023-05-04,17.670156803987425,19.54997618591371,16.07501907313216,17.679001659156167,21.640373448050262
2023-05-05,19.446363855702256,21.10160668581856,22.84253672759735,18.016844645792904,19.98418239474616
2023-05-06,17.20260463478707,18.39077062772934,11.447343628317938,16.337418921340177,15.11796623091964
2023-05-07,16.204212258767694,16.562610292086653,20.761232695965763,14.198152464313988,19.284289417156323
2023-05-08,19.98428508404075,20.936916332749302,17.482827730601258,19.420066847952082,18.969122603683065
2023-05-09,19.5374414529678,19.694963607146576,17.169781957293953,20.57523126726295,21.06462077855308
2023-05-10,19.098990456769993,9.203189392160308,16.73683100163031,20.929077650597847,22.78664367573122
2023-05-11,17.220186793451447,21.85955906400568,19.32697118647872,20.145557315702238,15.900185103890799
2023-05-12,17.03223685015363,19.625512128125315,19.55269900066384,15.351408926916525,17.310241758866127
2023-05-13,17.183567905507495,16.847113237126944,18.62072072034679,14.62596879752375,20.132728404849267
2023-05-14,18.831929418604748,16.297221703090635,18.346821122534156,21.654964552845172,20.346253382056386
2023-05-15,18.32095148345384,14.500261781689208,20.050297852008924,18.128989605928744,16.194365630742013
2023-05-16,16.120771093074847,17.55583164281816,18.320383709549535,16.758852692981986,16.547031493329413
2023-05-17,18.224532717801896,21.66453742394748,18.96100704454593,21.883028516536847,20.12055959326512
2023-05-18,17.462156112472307,17.897185015338998,21.29720762409271,14.201522314324048,18.29736102358966
2023-05-19,18.69461307833854,14.976684854691737,14.480623714506063,15.058445398824503,11.520829472269266
2023-05-20,16.53669455231315,16.390002486815526,20.00429322745933,18.271823389030367,17.17288089700852
2023-05-21,17.635095317879347,17.947255698313427,17.688401753219267,21.07811857839504,17.917479298916394
2023-05-22,17.588054667110534,16.27908416442985,21.263187660085023,18.922211413080777,20.685168300667804
2023-05-23,19.52475300563776,16.172408763398252,18.212672230563754,21.501304751716496,21.86747182587661
2023-05-24,17.83489155445401,20.152375954561123,16.558671115065234,19.372221574126065,14.130022309418958
2023-05-25,17.77149209848885,16.571783446833642,18.11813683228149,19.70313842159125,14.463274215170081
2023-05-26,16.15217872614023,19.337350565630587,18.25195422665046,16.99531187103792,17.02614253684106
2023-05-27,17.43781260408661,15.738664728451171,9.452819807644817,17.57434656295265,15.774592244079969
2023-05-28,19.718474957787016,20.384632158047978,21.84373167072504,14.364085711700731,17.238189031657186
2023-05-29,19.08772346963584,19.68046644012551,16.53808157799986,19.197251961886685,18.447501510468854
2023-05-30,19.082176246465462,15.202798054970962,17.42702810484685,14.840757553991994,21.00361059274637
2023-05-31,17.963865542161898,19.905212365528453,20.39892348465849,17.98747828689962,15.107494730914812
2023-06-01,22.92416979243949,25.90047399827276,21.78932158174694,25.43902758843391,25.778461506669878
2023-06-02,21.509995527079955,19.478063343683154,26.35790384617019,24.124516748169746,19.33963590980418
2023-06-03,23.187472715225365,19.548774678031073,21.863871494889572,23.727413804268554,21.54105498619157
2023-06-04,16.23520045706554,24.921959981399652,25.15831216542268,25.85253974135441,26.83208735200658
2023-06-05,23.346868664892938,19.274136322817835,20.052607978929135,25.56812156099447,20.57481643732251
2023-06-06,23.99442402331831,24.709742072009085,20.172669889208453,22.293011676067493,26.544498084822234
2023-06-07,21.795568871069793,19.851962510168484,25.6185058222068,22.338665136500765,22.144979321787336
2023-06-08,24.526269080289982,19.428236961658545,19.897794526626306,21.772862484873375,24.035689816073216
2023-06-09,24.56044616554323,24.30285182845696,25.22431077539759,16.012885036908543,21.189861035107715
2023-06-10,23.553451580002708,24.384081070678718,20.482503356634936,23.159879919626476,25.398639447107765
2023-06-11,24.19581265603272,25.439484577273017,20.88776308193256,20.580152854768684,24.37351886088683
2023-06-12,24.838782556116975,25.105121842038344,23.49652888603775,23.76947557423395,23.441551058586956
2023-06-13,22.601878841176536,19.742809704543745,25.809587773720033,21.25162981835515,26.408212053027846
2023-06-14,23.457385199918523,19.354015770522157,24.381017114059695,20.704652722675746,21.712756707819224
2023-06-15,24.211901513455352,23.134664323047765,20.152468328726737,19.931706033295328,24.56975360200495
2023-06-16,23.263380381674843,24.82779172432812,25.15897211735244,19.26356358824986,23.12346469349066
2023-06-17,21.925019811918755,26.563447763132846,28.732785426995775,20.238725627212613,21.042116136736205
2023-06-18,21.82580564498526,25.464394722583236,19.924490508802513,24.94318633664577,21.290636374987592
2023-06-19,21.690786744620198,19.87746449690367,20.179414606280083,19.752979488684137,25.60590550845677
2023-06-20,21.321794062149603,25.676691055769894,25.095412091596792,25.448993211523554,19.07247999617908
2023-06-21,22.081909363786494,22.074185401938546,21.824599684172867,21.50151874788828,26.66825875396052
2023-06-22,24.153873548097764,26.09705234745126,24.327679349552454,26.791146591790955,25.73452591524068
2023-06-23,22.90720545571544,23.229932093595586,25.075602011661143,20.369376385241267,21.565983328359568
2023-06-24,24.377881969674938,23.35137199842388,19.58080053238084,21.130963132872775,20.75423508162454
2023-06-25,21.576960408086265,24.29262118583867,25.487853852801226,26.239858556626732,23.488967419438197
2023-06-26,22.112200953204887,21.34893455842728,17.326667246811972,24.20504117643658,25.994262199609842
2023-06-27,23.491873291913215,26.66623467073685,23.86193477908681,19.10652890597174,26.91270460285483
2023-06-28,22.362418575537408,25.27246891573723,26.736374335834583,23.44530100217926,22.86800526707168
2023-06-29,23.04963392809936,25.894583935804768,21.523721257336447,22.441446861112432,20.498887211410583
2023-06-30,24.881501311348867,20.615731427393627,25.23323139619931,23.87749172117697,22.81291382853861
2023-07-01,25.28568770110266,25.55700288081936,23.45014129718274,26.92477775287716,23.065185532286144
2023-07-02,24.324215154536247,25.636718937843863,24.77967734492678,28.921691703285035,26.151405429097323
2023-07-03,26.432686342707118,23.553553660907752,19.099417580807796,26.80147539185152,28.69861100865038
2023-07-04,24.419336829013005,29.496984164254236,23.12727811329648,24.03430504221875,28.533805496239133
2023-07-05,27.829954173791396,22.902012079229266,27.745492208713472,22.21057068227273,28.605446568155596
2023-07-06,26.049396582622393,26.395348666398526,29.383314325059885,29.102674450267756,22.54669101951078
2023-07-07,25.14594539326097,24.847420409727874,26.6288798409368,24.149995096613885,22.4704697674757
2023-07-08,33.29958225180609,26.297123352665924,28.743368897019884,17.939724111263004,25.053229973163457
2023-07-09,24.592154717111047,22.119810081752156,27.155177127604546,26.918102004931892,23.282079361092762
2023-07-10,26.436375591774173,22.6914755011155,29.54223527648955,27.71439877034995,26.655111541076558
2023-07-11,27.507282481602523,29.98559162275688,23.816142174368462,29.71367805292836,23.33059690975711
2023-07-12,25.655072832269106,23.296583880239723,24.43971346366178,22.604885384520674,24.112273862255613
2023-07-13,24.455576419245453,27.584931005655196,29.53393714612413,24.38376211325544,27.855442221452286
2023-07-14,25.502354249845837,26.932947548416593,23.385545889828702,22.22122525204274,25.315510985517555
2023-07-15,26.884792451723612,27.150912293780774,28.492147764975066,26.185247919936607,26.84034413448378
2023-07-16,26.30913605817193,23.27575273872927,25.414556120884328,13.557411348689843,24.172402320051805
2023-07-17,26.904973125224508,22.84561898629494,24.708115942161143,28.82188926315154,24.14390946003536
2023-07-18,27.285213910792415,26.572401563335475,22.012756564834355,28.232887952154844,28.153976952262042
2023-07-19,27.915427924092224,26.8155495849049,25.27885959925871,23.909910726165595,27.494266941146314
2023-07-20,27.075995690823426,38.46731320305801,24.02283102198609,22.00058959546485,27.99280485319776
2023-07-21,24.45980859854846,25.00439484067634,27.343816579681743,25.97785117581898,23.151812272763053
2023-07-22,26.85348162165824,26.147458479541356,19.66851870251401,26.764680157089305,27.540437014905017
2023-07-23,25.953769866921103,28.805023998391725,27.919499846262966,29.745694170649934,27.642454182234097
2023-07-24,25.58164288367457,24.75208140520683,24.340566775580808,26.665103827790574,25.787085804754362
2023-07-25,24.9216012572287,26.883917880160254,29.797785899321898,27.919569936387518,25.31550420182817
2023-07-26,24.17544971906553,23.897517056413406,28.038271145572516,27.341070411667737,23.846191530287157
2023-07-27,26.83344106814639,22.234167520808352,29.266184691323314,24.657991331541975,27.155324513896105
2023-07-28,24.40807812545523,27.66459946790206,23.738205040224067,27.792580211272508,23.408830702315967
2023-07-29,27.26730056591375,22.36680284081825,27.4718368909318,26.579601745252447,28.781914652762786
2023-07-30,26.852984052162707,25.425589261396258,23.86384654610534,24.491595164337603,24.22348285767167
2023-07-31,26.91579078457369,28.31228778047467,28.743478874410258,25.37018717053129,27.294108756835286
2023-08-01,25.168747816369873,31.143097379142063,26.788984755190864,28.789132146052257,29.722665754182678
2023-08-02,24.178600967818188,26.0627972553197,21.916705357404844,26.055233170851412,25.680408083390958
2023-08-03,26.846424462426647,25.04726387294471,20.399192449397688,21.816573832953214,23.71720819082028
2023-08-04,25.415131615370264,25.25254177793919,28.527602639025105,25.914940094146516,28.617726518080897
2023-08-05,26.20509367943969,24.367281085896728,23.135807189508718,25.990933802150828,21.084685916691146
2023-08-06,26.848093013422897,21.330770978532453,28.61128651693126,25.677302911115174,23.639687070153567
2023-08-07,24.96713614254231,22.98740380778886,21.988373479455277,28.328407266199928,17.104744743375935
2023-08-08,24.45077173917576,28.736044191442932,26.493520238534888,26.965332671000116,21.624598833426433
2023-08-09,26.653568633828627,27.748722874185667,23.930594966646037,25.34245175002251,25.13244752879357
2023-08-10,26.09381868608765,28.704751121695416,23.10463024237268,25.578536127669004,22.410253121120117
2023-08-11,25.326719372591448,24.578583098045804,28.39102642009089,26.49881436357819,25.14693128309731
2023-08-12,25.552338390889133,28.212502557916885,28.281051097067735,21.12540892839931,26.79466851100256
2023-08-13,26.92063614976397,23.61308183700806,25.38325359486425,27.44561870430942,24.379259958149316
2023-08-14,25.320992666285203,24.35113941214732,25.028222558259216,27.663907808445142,21.727754714364508
2023-08-15,23.983397207651336,25.04090750894191,22.95152655093513,21.9023061186479,27.762988296857632
2023-08-16,24.69821182423204,25.01273176752614,23.20005120560547,22.876399216536246,22.522084071386658
2023-08-17,25.28598978584982,21.785999307616294,28.141118424378572,22.323865826716904,25.9823119528338
2023-08-18,26.741971055485685,23.074990548215997,21.007226284169995,22.811930223528172,23.012181905348903
2023-08-19,24.297091502168044,28.79829808587768,22.81703053519459,27.21066945327557,24.044662943362276
2023-08-20,25.300444465879938,22.857678041308738,23.103129416084087,21.806436135156964,28.10292025171511
2023-08-21,24.487739119396274,26.827031970614946,27.217541827227524,24.71592282576674,22.868945160156642
2023-08-22,24.447204956676558,28.578468654665926,24.779430762532137,27.524940691493292,23.302670097120583
2023-08-23,23.744846380746893,24.486729705106487,25.212674079982705,29.01565123954493,25.873290114845144
2023-08-24,23.092946506835446,22.63825089548682,25.699908197853787,25.33785159923329,21.356077017188966
2023-08-25,23.771522811031794,23.712947312276228,28.698239290620787,28.153380122343776,27.109974937505715
2023-08-26,31.05686017926609,37.28081551776856,27.190831131930825,28.271012409782443,24.274362497878094
2023-08-27,25.32586135158132,26.465534802020272,22.199531116973297,26.752616188440236,25.677156782302912
2023-08-28,25.40188417296152,27.940646810733178,25.612760618908197,28.010095506002504,21.630418882475684
2023-08-29,24.651586467633287,21.211114653706808,28.020947019079813,21.136238736900943,28.830372301937192
2023-08-30,23.643951445253677,28.73390195074789,21.196916224238596,23.16973224744928,24.223267557855145
2023-08-31,23.06816287219121,25.0896251747171,24.388398534523176,26.936074432457012,24.0402766081895
2023-09-01,27.793653783388223,20.01944148172315,20.773312529639593,22.79464783388623,22.297393874291604
2023-09-02,19.9422688020199,22.07060090524179,19.081972618334085,19.496968122253598,23.054662083788102
2023-09-03,21.678739603421334,23.894454459512716,21.252846544869158,21.0055367921645,19.289180831972836
2023-09-04,19.763400016656615,23.867185072373488,19.938011300481364,18.77898775386248,17.435985244337303
2023-09-05,21.41610773343804,21.647966549385917,24.947241766581975,20.72073427315007,17.963099153328013
2023-09-06,21.073351149813735,24.78346893824171,21.92338724770707,21.053510751318566,23.54991267477832
2023-09-07,22.932267475567354,23.827594666791658,23.057038222472524,21.21057289561065,17.117326567776566
2023-09-08,22.433910274407417,19.520196616917254,17.576641258892135,20.368886071104647,20.24829842026215
2023-09-09,22.905093586956472,18.11784121231813,17.641653298640627,18.311279200878122,22.946721805189316
2023-09-10,22.227805150285334,24.54271556968813,23.41718363190236,19.765966760718918,20.287325874384713
2023-09-11,21.076395757327454,24.118097086558112,20.59755544247447,18.238955325235832,22.719459191356204
2023-09-12,21.53106256442524,23.186657762959094,22.48410175236621,23.89733013633622,20.68875200242686
2023-09-13,22.186049022955014,19.644936570490238,20.643491115715236,20.63923418170752,22.815963653484957
2023-09-14,22.983320013645596,21.93790357294518,23.508653453208495,21.729762283259056,23.77140931183092
2023-09-15,22.099215428644605,22.286388482412328,21.316015400219587,20.27621465214613,22.51440552924211
2023-09-16,22.18101124889675,21.674331968043955,21.328364796439722,22.90659805438888,24.712163123471157
2023-09-17,29.216038274837384,18.76404462572635,18.667312113616866,22.216102877348913,21.461206515940564
2023-09-18,21.456700009455364,18.593825171393433,19.990724554073697,20.323159660076215,23.29973183344717
2023-09-19,22.864884540496657,23.61144324251983,20.11080503074566,22.54873392636483,24.623494356488155
2023-09-20,20.16544611450397,23.394445133812475,21.560375024742143,19.824291123580075,21.603172893287145
2023-09-21,20.70482004809714,19.700651002630973,23.207667535050877,18.26447786880954,22.907219528123335
2023-09-22,22.931213395871705,18.090338680781148,21.816604177558386,21.366829081971186,18.033251174612463
2023-09-23,19.61646867750928,21.743570555491754,18.860815019656673,20.85649482214188,23.428362359301264
2023-09-24,22.033461983824665,21.255738752585344,18.421732671330062,21.872634528285733,23.054124847291224
2023-09-25,22.785662035630875,19.68898469092381,20.46077314454292,17.75589823313907,23.688140662181688
2023-09-26,19.825492047430494,24.2358802096072,18.43600135118904,19.473534622223248,20.694061038023577
2023-09-27,22.707209903321324,17.729091249034454,24.23429972657789,18.204852225241805,21.30098684520666
2023-09-28,21.412152557705483,18.906966141846958,19.3331940921311,24.037779266397393,19.24471981827866
2023-09-29,20.094553241200092,23.169168776436706,17.900103661594706,18.00390797789128,24.05461409817827
2023-09-30,21.530035897153,18.101798766223805,23.84827997547045,23.029440713038333,23.933284599977167
2023-10-01,14.222781517586714,11.176143831093203,17.863828632008968,14.474639227413217,11.0404149600407
2023-10-02,16.919456473689486,13.132037109991371,13.941700927626286,12.222461083599082,18.895939928534872
2023-10-03,15.813721693433708,11.839925914443642,15.41255968608941,17.54618219831809,12.875063620036585
2023-10-04,16.17303722421761,16.611810595204755,18.71240935076481,17.00120512778473,12.582977268678817
2023-10-05,16.727105805587176,13.159110564515082,12.31991151390535,17.92675007868598,17.770652464612702
2023-10-06,15.92182426963392,13.251328913715124,14.205259293518836,18.756987750034796,11.862797450085498
2023-10-07,14.790713163839929,18.599314135576023,18.447530490040847,16.754532545891472,11.556696868152144
2023-10-08,15.79166091331319,17.891247165132167,12.552340393476824,17.602420940392733,13.652817165337044
2023-10-09,7.679907773731351,15.6276123853035,16.06308255688566,18.276661419852488,11.541969764403168
2023-10-10,16.878329489249005,16.883870384203583,15.608614126723634,18.76170354908998,15.886124718299353
2023-10-11,14.751916516438722,18.486396635519714,11.331489053861755,17.32272282097338,18.697366203822998
2023-10-12,16.646185208917533,14.792020683375299,11.931618248739532,9.615928041563826,11.201681350330801
2023-10-13,15.469299311127118,17.150177784430028,18.476482996240144,11.062481723245945,13.053060933112235
2023-10-14,14.272121156642218,14.555949786866773,14.941228032726528,17.81515076070658,17.613464254767166
2023-10-15,16.038145236584533,12.63902154318078,15.542565237311752,17.439152214966928,13.769310981027726
2023-10-16,13.327100712830264,18.671692947971973,14.881277050554523,11.272879229678527,17.941497402747984
2023-10-17,16.503060697640397,12.90368545533981,15.068079149525362,11.304145860340064,11.446326500006826
2023-10-18,13.539179855483788,13.808277594979625,13.92034837965398,11.749285609512459,14.77183773373824
2023-10-19,14.810059819074791,13.640410090664032,16.51119285909211,16.58903960678527,11.205902204664923
2023-10-20,15.241494815256301,14.801712267698184,18.037452340703464,18.53349656779359,13.58890967637377
2023-10-21,15.789601513463063,16.036946421652743,17.812462354267915,12.328616708747344,11.469032471070177
2023-10-22,15.491706880263957,15.826780760449601,14.435732681237187,11.561388542919236,18.7087955551591
2023-10-23,14.200127486468501,14.113898015617819,16.072902439379554,18.316821555958697,11.68548699783538
2023-10-24,16.619772853187293,16.5260901906702,12.758435182851775,15.809284668400272,11.478770524406805
2023-10-25,15.708849716455811,13.645799723957087,13.210152864096717,15.479579286316707,14.567781284802885
2023-10-26,15.018584766531964,14.137439060952122,18.494902604474845,14.24507115698611,16.971982527005633
2023-10-27,14.440992635249204,16.890086411807005,13.532675288239624,15.8817044666959,14.290699065197316
2023-10-28,14.634036471590504,15.404631345079553,13.023039097612617,11.705541248339816,14.396078463202958
2023-10-29,16.196732832420174,17.712233807670966,13.735473185314344,11.442850505074912,18.386728676173863
2023-10-30,16.37637484783433,16.317429787050635,17.417503367011086,17.312113969768863,14.196163573090814
2023-10-31,13.857438118472398,12.987882305088394,16.551905119908355,15.563493521695417,18.751558560260985
2023-11-01,7.089583210643019,5.918863865148524,6.772273405264949,4.380966086798548,10.602257516436413
2023-11-02,9.670157945035282,4.490405459990278,8.539527522602125,6.676355029325772,4.3846225698993475
2023-11-03,6.656017556442235,9.978859669412643,5.302792368136311,9.365679667105354,11.750330031561376
2023-11-04,6.322695445683267,5.297366984686867,11.056287380206616,6.547769951383792,10.870855276509207
2023-11-05,8.26435379225258,6.410313501141783,5.9486421688685605,7.303603635392051,8.971421498811715
2023-11-06,8.58582364546289,5.2897457063401445,5.529390119976104,10.706291800118523,7.200351093480388
2023-11-07,9.236798368603253,8.765352035509562,7.8123227241447575,7.6994111223931645,7.466118588003947
2023-11-08,6.5441733695140245,5.916640313951273,9.735800583852368,4.7306703853502015,1.6858185102778975
2023-11-09,6.962179676255598,11.429139904556909,10.138886895767897,9.072728647172541,8.814943807621667
2023-11-10,7.55239614082794,9.218055479817291,4.1095072878727334,9.59991011701489,6.1967575985622885
2023-11-11,8.644595062325653,7.458236646809731,8.340808160961924,6.9418134805427965,2.9430191118972173
2023-11-12,9.586777000683258,5.378474597581225,5.345786036660562,9.832124082691937,5.83879622234945
2023-11-13,9.149459258387301,4.25034022327819,11.66881031317526,8.411282153230559,13.668147378259395
2023-11-14,9.314282742290725,5.245606161158934,11.49834830852678,4.07397685583623,4.049902131573683
2023-11-15,7.667868807982794,6.9419744722451,6.530335710676839,5.597382671441576,8.724581549013939
2023-11-16,9.948339613944594,2.2035309110702546,11.550916618628415,5.1779813813759175,7.95274022390546
2023-11-17,8.511668972784676,7.880774763450328,9.88327488020687,4.013902614277379,6.909283528835328
2023-11-18,7.5319588094708685,11.361868298221918,9.650810244269266,3.2437550577028134,10.513269600299896
2023-11-19,7.406038324472885,11.396041688549868,9.217961504613267,4.783350390325932,11.38585469694534
2023-11-20,6.835306499134937,10.14688915278106,8.47367521144831,5.282825163043905,7.610015691598735
2023-11-21,6.75829546337798,0.08433268091075696,7.225498696544667,11.092041240833638,7.475533241748241
2023-11-22,8.456897326506743,9.530487049686357,11.049341552545378,6.938803200969357,6.126187552370443
2023-11-23,9.9693878492787,6.931279202422602,11.733455898988113,6.347047146134521,7.919386933110774
2023-11-24,9.946489285333966,6.8117496619798805,4.065498309037888,3.507997758449328,7.36517613626975
2023-11-25,7.075512921561394,6.443783840995094,5.808780849819343,11.999449176150529,6.690805242375408
2023-11-26,9.815662829542436,9.664089920554645,11.162374694033133,6.983400770092757,6.108621139601751
2023-11-27,8.217714909569645,6.833114920977287,10.497483201449832,9.713919798815052,9.386088806195962
2023-11-28,7.88526880284293,8.858918573813138,6.097428170352647,9.012907484831093,10.257082907395327
2023-11-29,8.155007433774626,10.304282949602399,11.806771306523782,6.230331333528444,9.94914179101816
2023-11-30,3.780717147562946,10.883064638732854,0.511892708495143,6.491719675127061,11.277930143890158
2023-12-01,1.154100011451571,5.317554396397556,4.853330255834484,-0.9946844374896608,3.5789666057379996
2023-12-02,1.4861376338259156,2.1268343832126773,2.5281902169224253,1.0425194968999234,-0.5361952513283219
2023-12-03,3.0947106550812697,3.345236818960122,-0.5031652605336578,5.09594637630304,-0.1966787700941719
2023-12-04,0.011083826502727767,-0.19458038053758475,-1.799123694582855,-4.476685803600647,5.363896950698174
2023-12-05,2.0139153524716455,0.35399406665669364,4.311959264429813,2.208856995849918,1.6674292656900294
2023-12-06,1.975096253653855,5.389214875095919,-0.4147240004842798,4.538816932527512,10.931555132666258
2023-12-07,0.5301239099614534,4.253784693046019,4.18718831268231,-0.14468765268664452,-0.3753026358666034
2023-12-08,3.306074529976442,1.0967671876121052,1.7013848406369085,0.9446712177623287,3.0633368982126363
2023-12-09,7.0497295474796005,5.276463214302606,-0.2903424954468985,1.8909903528418877,2.7129889639336975
2023-12-10,0.048842078653687615,3.4753523580127172,4.687716555431842,3.703973570839885,-1.0407714613710173
2023-12-11,2.8254872053907922,2.495291662461832,1.6707982563662043,-1.1618047660064912,-1.3055310708507983
2023-12-12,2.042122551728104,4.407491109624726,-0.17829127872828288,3.180419460746821,-0.6268734669745539
2023-12-13,0.5656564475251842,4.360280354426835,0.5009369273867748,0.5997768509408115,3.570941548852317
2023-12-14,1.3013058138956195,5.305204586509697,-1.1590541642975438,3.02223099379525,4.624002983415178
2023-12-15,2.3012268268811598,3.579051725472733,0.0008088781858903715,4.170419176242269,2.934568992892654
2023-12-16,0.3978715043755763,3.3264562760722587,-0.8626169542941327,5.013088640039289,-1.6167769040230517
2023-12-17,1.000720028699456,-6.469075175661416,2.5351714304004433,-0.9966249526755684,-0.07718471664367943
2023-12-18,1.6353263215373652,5.70474884355964,1.5600135127152592,5.66875557220249,3.793828844465856
2023-12-19,1.6423148057646886,2.156909422117013,2.5295438528672953,-1.2471599673727924,-0.6632864919210792
2023-12-20,0.8032971061527232,-1.8480560919206503,2.1517106112765694,3.4564307228940736,-1.1458592592925614
2023-12-21,0.7916304116572968,-1.5447483791693442,-2.328219212451783,3.6374562489339963,2.6140062650093165
2023-12-22,1.7969371392431492,0.4207714184078881,1.5062498622624094,0.8850799492144077,5.784369938145826
2023-12-23,0.6489135630942027,4.649505268854001,4.209486376915265,-1.4312967949590432,1.8321720436237374
2023-12-24,3.592915204064017,-1.2346725801046796,2.287226661130246,0.3590341371297363,3.017465876382728
2023-12-25,0.7834758362352261,1.915977678442773,4.2306500124543,1.0617455852639575,-1.9854440417557662
2023-12-26,2.5865137762722026,1.7649855995584245,-1.7670896173382848,1.008138679772025,-1.2968969442794247
2023-12-27,0.86448807827967,5.4351985771620654,-0.012556899569533542,5.601539745727362,0.9959591957214338
2023-12-28,0.5813346453202661,1.374668854822727,-0.6825354985314886,4.468769365361229,3.060255579031324
2023-12-29,2.420147502494393,2.9633688371269677,4.061977003419305,1.8019067091240126,-0.32631607102458027
2023-12-30,0.2200603104396026,1.1246647434650328,-0.2363589623032265,-0.18023833433048964,-0.8409911594402093
2023-12-31,1.3706194212710128,2.7487982506142634,-1.5355494345784502,1.3599584963931353,8.997820128451803
